doc	x	y	w	h	pageid	img_node	img_w	img_h	src_node
1584:2	-4033.0	-54326.0	1922.0	3429.0	AD_SALES	1584:61	1250	837.703125	943:2
1591:2	-4033.0	-4513.0	1922.0	4895.0	AD_SIM	1591:61	1250	837.703125	946:2
1593:2	6267.0	1622.0	1922.0	4310.0	AD_SETTLE_DIFF	1593:61	1250	837.703125	989:2
1592:2	2147.0	1622.0	1922.0	5529.0	AD_SETTLE_DETAIL	1592:61	1250	837.703125	976:2
1596:2	-4033.0	13129.0	1922.0	3848.0	AD_SETTLE_TRANSFER	1596:61	1250	837.703125	1009:2
1597:2	-4033.0	-12298.0	1922.0	4416.0	AD_PRODUCT	1597:61	1250	837.703125	915:2
1599:2	-4033.0	-61236.0	1922.0	5670.0	AD_HOME	1599:61	1250	837.703125	914:2
1598:2	-4033.0	-50577.0	1922.0	5282.0	AD_SALES_DT	1598:61	1250	837.703125	947:2
1600:2	-1973.0	-50577.0	1922.0	2660.0	AD_SALES_DT_PAYOUT	1600:61	1250	837.703125	952:2
1601:2	2147.0	-50577.0	1922.0	2730.0	AD_SALES_DT_CANCEL	1601:61	1250	837.703125	966:2
1602:2	87.0	-50577.0	1922.0	2799.0	AD_SALES_DT_NORMAL	1602:61	1250	837.703125	957:2
1603:2	6267.0	-50577.0	1922.0	3356.0	AD_SALES_DT_BM	1603:61	1250	837.703125	979:2
1604:2	-1973.0	-44975.0	1922.0	2894.0	AD_SALES_DT_ADJUST	1604:61	1250	837.703125	997:2
1605:2	87.0	-44975.0	1922.0	3149.0	AD_SALES_DT_ADD_CARD	1605:61	1250	837.703125	1002:2
1606:2	2147.0	-40466.0	1922.0	2918.0	AD_MERCHANT_REJECT	1606:61	1250	837.703125	967:2
1607:2	6267.0	-40466.0	1922.0	2637.0	AD_MERCHANT_LEGACY	1607:61	1250	837.703125	975:2
1608:2	87.0	-31988.0	1922.0	3148.0	AD_MERCHANT_DT_LOCKVERIFY	1608:61	1250	837.703125	1004:2
1609:2	2147.0	-31988.0	1922.0	2851.0	AD_MERCHANT_DT_LOCKDETAIL	1609:61	1250	837.703125	1010:2
1611:2	4207.0	-31988.0	1922.0	1513.0	AD_MERCHANT_DT_RESIGN	1611:61	1250	837.703125	1019:2
1610:2	-4033.0	-23453.0	1922.0	2638.0	AD_MERCHANT_DT_FEERESET	1610:61	1250	837.703125	1022:2
1613:2	87.0	-23453.0	1922.0	1513.0	AD_MERCHANT_DT_TRANSFER	1613:61	1250	837.703125	1024:2
1612:2	-1973.0	-23453.0	1922.0	1513.0	AD_MERCHANT_DT_WEEKDAY	1612:61	1250	837.703125	1023:2
1614:2	4207.0	-23453.0	1922.0	3052.0	AD_MERCHANT_DT_ADJUST	1614:61	1250	837.703125	1026:2
1616:2	4207.0	-20081.0	1922.0	2864.0	AD_MERCHANT_DT_IDCARD	1616:61	1250	837.703125	1093:2
1615:2	2147.0	-20081.0	1922.0	2841.0	AD_MERCHANT_DT_REJECT	1615:61	1250	837.703125	1034:2
1617:2	-4033.0	-35205.0	1922.0	2897.0	AD_MERCHANT_ASSIGN	1617:61	1250	837.703125	1057:2
1619:2	-1973.0	-16525.0	1922.0	2987.0	AD_MERCHANT_DT_DEBT	1619:61	1250	837.703125	1097:2
1620:2	87.0	-16525.0	1922.0	2781.0	AD_MERCHANT_DT_PLATFORM	1620:61	1250	837.703125	1098:2
1621:2	-1973.0	-12298.0	1922.0	2825.0	AD_PRODUCT_GENERAL	1621:61	1250	837.703125	919:2
1622:2	2147.0	-12298.0	1922.0	3357.0	AD_PRODUCT_ADD	1622:61	1250	837.703125	929:2
1623:2	6267.0	-12298.0	1922.0	2591.0	AD_PRODUCT_DEACT	1623:61	1250	837.703125	938:2
1625:2	-1973.0	-4513.0	1922.0	2871.0	AD_SIM_MULTI	1625:61	1250	837.703125	949:2
1624:2	-4033.0	-7562.0	1922.0	2729.0	AD_PRODUCT_DELETE	1624:61	1250	837.703125	942:2
1627:2	-4033.0	9448.0	1922.0	3059.0	AD_SETTLE_DIFF_CARD	1627:61	1250	837.703125	993:2
1628:2	4207.0	1622.0	1922.0	3147.0	AD_SETTLE_DETAIL_BATCH	1628:61	1250	837.703125	981:2
1629:2	-1973.0	9448.0	1922.0	2781.0	AD_SETTLE_DIFF_DELIVERY	1629:61	1250	837.703125	996:2
1630:2	2147.0	9448.0	1922.0	2918.0	AD_SETTLE_DIFF_ESTIMATED	1630:61	1250	837.703125	1001:2
1634:2	-4033.0	18468.0	1922.0	2591.0	AD_SETTLE_RECORD	1634:61	1250	837.703125	1060:2
1635:2	-1973.0	23170.0	1922.0	2565.0	AD_PARTNER_PAYHUG	1635:61	1250	837.703125	916:2
1637:2	4207.0	23170.0	1922.0	2589.0	AD_PARTNER_SALES	1637:61	1250	837.703125	932:2
1638:2	6267.0	23170.0	1922.0	2527.0	AD_PARTNER_SALESORG	1638:61	1250	837.703125	937:2
1639:2	-4033.0	26079.0	1922.0	2637.0	AD_PARTNER_ADMIN	1639:61	1250	837.703125	941:2
1640:2	-1973.0	26079.0	1922.0	2730.0	AD_PARTNER_ADD	1640:61	1250	837.703125	945:2
1642:2	4207.0	26079.0	1922.0	2474.0	AD_PARTNER_DEACT	1642:61	1250	837.703125	959:2
1643:2	6267.0	26079.0	1922.0	2799.0	AD_PARTNER_DELETE	1643:61	1250	837.703125	962:2
1644:2	-4033.0	29680.0	1922.0	2683.0	AD_PARTNER_INVESTOR	1644:61	1250	837.703125	1030:2
1645:2	-1973.0	33603.0	1922.0	2661.0	AD_TERMS_REVISE	1645:61	1250	837.703125	920:2
1646:2	2147.0	33603.0	1922.0	2383.0	AD_TERMS_PREVIEW	1646:61	1250	837.703125	931:2
1647:2	6267.0	33603.0	1922.0	2433.0	AD_TERMS_VER_DEL	1647:61	1250	837.703125	940:2
1648:2	4207.0	33603.0	1922.0	2892.0	AD_TERMS_VER_EDIT	1648:61	1250	837.703125	935:2
1649:2	-4033.0	33603.0	1922.0	4743.0	AD_TERMS	1649:61	1250	837.703125	965:2
1650:2	2147.0	38666.0	1922.0	2822.0	AD_TERMS_CTX	1650:61	1250	837.703125	982:2
1652:2	-4033.0	45777.0	1922.0	5236.0	AD_BALANCE	1652:61	1250	837.703125	944:2
1653:2	-1973.0	42108.0	1922.0	2429.0	AD_TERMS_TYPE_EDIT	1653:61	1250	837.703125	994:2
1651:2	-4033.0	42108.0	1922.0	2383.0	AD_TERMS_TYPE_ADD	1651:61	1250	837.703125	991:2
1655:2	-4033.0	52253.0	1922.0	4038.0	AD_INQUIRY	1655:61	1250	837.703125	951:2
1654:2	-1973.0	45777.0	1922.0	3264.0	AD_BALANCE_DEPOSIT	1654:61	1250	837.703125	1058:2
1656:2	2147.0	52253.0	1922.0	2753.0	AD_INQUIRY_ANSWERED	1656:61	1250	837.703125	964:2
1657:2	4207.0	52253.0	1922.0	2405.0	AD_INQUIRY_CLOSED	1657:61	1250	837.703125	968:2
1658:2	-1973.0	56611.0	1922.0	2706.0	AD_INQUIRY_SETTLEMENT	1658:61	1250	837.703125	983:2
1659:2	2147.0	56611.0	1922.0	2340.0	AD_INQUIRY_ACCOUNT	1659:61	1250	837.703125	990:2
1660:2	-4033.0	66994.0	1922.0	4508.0	AD_LOG	1660:61	1250	837.703125	921:2
1662:2	-1973.0	71822.0	1922.0	2133.0	AD_AI_CUSTOM	1662:61	1250	837.703125	933:2
1661:2	87.0	71822.0	1922.0	3148.0	AD_AI_ANSWER	1661:61	1250	837.703125	936:2
1663:2	-1973.0	-20081.0	1922.0	3236.0	AD_MERCHANT_DT_SCRAPE	1663:61	1250	837.703125	1031:2
1664:2	-4033.0	-40466.0	1922.0	4941.0	AD_MERCHANT	1664:61	1250	837.703125	958:2
1666:2	-4033.0	-31988.0	1922.0	8215.0	AD_MERCHANT_DT	1666:61	1250	3434	1033:2
1665:2	-4033.0	1622.0	1922.0	7506.0	AD_SETTLE	1665:61	1250	2408.84375	995:2
1667:2	87.0	13129.0	1922.0	5019.0	AD_SETTLE_BILL	1667:61	1250	837.703125	1013:2
1669:2	-1973.0	18468.0	1922.0	3462.0	AD_SETTLE_VOC	1669:61	1250	837.703125	1062:2
1668:2	4207.0	13129.0	1922.0	4524.0	AD_SETTLE_PREVIEW	1668:61	1250	837.703125	1038:2
1670:2	-4033.0	60751.0	1922.0	5923.0	AD_SCRAPING	1670:61	1250	837.703125	918:2
1672:2	4207.0	-50577.0	1922.0	3057.0	AD_SALES_DT_CARD	1672:61	1250	837.703125	971:2
1671:2	-1973.0	1622.0	1922.0	5755.0	AD_SETTLE_MISSED	1671:61	1250	2408.84375	917:2
1673:2	2147.0	-44975.0	1922.0	2943.0	AD_SALES_DT_ADD_PURCHASE	1673:61	1250	837.703125	1005:2
1674:2	-4033.0	-44975.0	1922.0	1513.0	AD_SALES_DT_OLD	1674:61	1250	837.703125	986:2
1675:2	4207.0	-44975.0	1922.0	2962.0	AD_SALES_DT_ADD_DELIVERY	1675:61	1250	837.703125	1007:2
1676:2	6267.0	-44975.0	1922.0	3269.0	AD_SALES_DT_EXCEL	1676:61	1250	837.703125	1035:2
1677:2	-1973.0	-40466.0	1922.0	2521.0	AD_MERCHANT_PENDING	1677:61	1250	837.703125	961:2
1678:2	87.0	-40466.0	1922.0	2869.0	AD_MERCHANT_APPROVED	1678:61	1250	837.703125	963:2
1679:2	6267.0	-31988.0	1922.0	2964.0	AD_MERCHANT_DT_OLDCONTRACT	1679:61	1250	837.703125	1020:2
1680:2	4207.0	-40466.0	1922.0	2805.0	AD_MERCHANT_NONE	1680:61	1250	837.703125	970:2
1681:2	-1973.0	-31988.0	1922.0	3142.0	AD_MERCHANT_DT_HARDRESET	1681:61	1250	837.703125	999:2
1682:2	6267.0	-23453.0	1922.0	2476.0	AD_MERCHANT_DT_ADJUST_DONE	1682:61	1250	837.703125	1027:2
1683:2	2147.0	-23453.0	1922.0	2918.0	AD_MERCHANT_DT_ADJSTAT	1683:61	1250	837.703125	1025:2
1684:2	-4033.0	-20081.0	1922.0	2663.0	AD_MERCHANT_DT_ADJUST_PENDING	1684:61	1250	837.703125	1028:2
1685:2	-4033.0	-16525.0	1922.0	2550.0	AD_MERCHANT_DT_BANKACCT	1685:61	1250	837.703125	1095:2
1686:2	6267.0	-20081.0	1922.0	2898.0	AD_MERCHANT_DT_LOCKACCT	1686:61	1250	837.703125	1094:2
1687:2	87.0	-20081.0	1922.0	2753.0	AD_MERCHANT_DT_RESET	1687:61	1250	837.703125	1032:2
1688:2	87.0	-12298.0	1922.0	3042.0	AD_PRODUCT_DAOU	1688:61	1250	837.703125	924:2
1689:2	4207.0	-12298.0	1922.0	3356.0	AD_PRODUCT_EDIT	1689:61	1250	837.703125	934:2
1690:2	87.0	1622.0	1922.0	3397.0	AD_SETTLE_DIFFLIST	1690:61	1250	837.703125	953:2
1691:2	6267.0	9448.0	1922.0	3310.0	AD_SETTLE_DIFF_CARDFILTER	1691:61	1250	837.703125	1006:2
1692:2	4207.0	9448.0	1922.0	2663.0	AD_SETTLE_DIFF_CARRY	1692:61	1250	837.703125	1003:2
1693:2	87.0	9448.0	1922.0	3361.0	AD_SETTLE_DIFF_CLAWBACK	1693:61	1250	837.703125	998:2
1694:2	6267.0	13129.0	1922.0	3426.0	AD_SETTLE_DIRECT	1694:61	1250	837.703125	1059:2
1695:2	2147.0	13129.0	1922.0	2887.0	AD_SETTLE_EXPAND	1695:61	1250	837.703125	1036:2
1696:2	-1973.0	13129.0	1922.0	3585.0	AD_SETTLE_TRANSFER_COLLECT	1696:61	1250	837.703125	1012:2
1697:2	87.0	26079.0	1922.0	2799.0	AD_PARTNER_EDIT	1697:61	1250	837.703125	950:2
1698:2	87.0	23170.0	1922.0	2313.0	AD_PARTNER_PARTNER	1698:61	1250	837.703125	922:2
1699:2	2147.0	23170.0	1922.0	2567.0	AD_PARTNER_AFFILIATE	1699:61	1250	837.703125	927:2
1700:2	2147.0	26079.0	1922.0	3281.0	AD_PARTNER_PROFILE	1700:61	1250	837.703125	955:2
1701:2	87.0	33603.0	1922.0	2867.0	AD_TERMS_REVISE_FIXED	1701:61	1250	837.703125	925:2
1702:2	-4033.0	23170.0	1922.0	2047.0	AD_PARTNER	1702:61	1250	837.703125	1029:2
1703:2	-4033.0	38666.0	1922.0	2426.0	AD_TERMS_SIGNUP	1703:61	1250	837.703125	969:2
1704:2	-1973.0	38666.0	1922.0	3122.0	AD_TERMS_CONTRACT	1704:61	1250	837.703125	973:2
1705:2	87.0	38666.0	1922.0	2379.0	AD_TERMS_MARKETING	1705:61	1250	837.703125	977:2
1706:2	-1973.0	52253.0	1922.0	2430.0	AD_INQUIRY_PENDING	1706:61	1250	837.703125	956:2
1707:2	6267.0	38666.0	1922.0	2614.0	AD_TERMS_CTX_EDIT	1707:61	1250	837.703125	988:2
1708:2	4207.0	38666.0	1922.0	2634.0	AD_TERMS_CTX_ADD	1708:61	1250	837.703125	987:2
1709:2	87.0	52253.0	1922.0	2614.0	AD_INQUIRY_PROGRESS	1709:61	1250	837.703125	960:2
1710:2	6267.0	52253.0	1922.0	2379.0	AD_INQUIRY_GENERAL	1710:61	1250	837.703125	972:2
1711:2	-4033.0	56611.0	1922.0	2430.0	AD_INQUIRY_PAYMENT	1711:61	1250	837.703125	978:2
1712:2	-4033.0	71822.0	1922.0	3300.0	AD_AI	1712:61	1250	837.703125	928:2
1714:2	87.0	56611.0	1922.0	2900.0	AD_INQUIRY_TECH	1714:61	1250	837.703125	985:2
1713:2	4207.0	56611.0	1922.0	2802.0	AD_INQUIRY_DT	1713:61	1250	837.703125	992:2
1715:2	-4033.0	76362.0	1922.0	3769.0	AD_LOGIN	1715:61	1250	837.703125	939:2
1836:2	-4033.0	81000.0	1922.0	1095.5	MC_CONTRACT_TERMS_AGREE				None
2103:2	20709.0	-61018.0	1922.0	3700.0	MC_LANDING	2103:64	1250	1475.328125	833:2
2149:2	22769.0	-61018.0	1922.0	2632.0	MC_LANDING_FAQ	2149:64	1250	1475.328125	841:2
2147:2	24829.0	-61018.0	1922.0	2356.0	MC_LANDING_LOGIN	2147:64	1250	1475.328125	846:2
2148:2	26889.0	-61018.0	1922.0	3031.0	MC_DASH	2148:64	1250	1475.328125	853:2
2150:2	28949.0	-61018.0	1922.0	2314.0	MC_DASH_DONE	2150:64	1250	1475.328125	860:2
2153:2	31009.0	-61018.0	1922.0	2461.0	MC_DASH_BIZSEL	2153:64	1250	1475.328125	867:2
2151:2	28949.0	-58384.0	1922.0	2339.0	MC_DASH_PENDING	2151:64	1250	1475.328125	872:2
2152:2	24829.0	-58342.0	1922.0	2639.0	MC_DASH_UNAPPROVED	2152:64	1250	1475.328125	880:2
2154:2	31009.0	-58237.0	1922.0	2713.0	MC_DASH_INQUIRY	2154:64	1250	1475.328125	886:2
2157:2	22769.0	-58066.0	1922.0	2314.0	MC_DASH_APPLIED	2157:64	1250	1475.328125	892:2
2155:2	26889.0	-57667.0	1922.0	2339.0	MC_DASH_PROGRESS	2155:64	1250	1475.328125	897:2
2156:2	20709.0	-56998.0	1922.0	2412.0	MC_DASH_REJECT	2156:64	1250	1475.328125	902:2
2158:2	28949.0	-55725.0	1922.0	2339.0	MC_DASH_RESIGN	2158:64	1250	1475.328125	905:2
2161:2	22769.0	-55432.0	1922.0	2510.0	MC_COMMON_PROFILE	2161:64	1250	1475.328125	908:2
2159:2	24829.0	-55383.0	1922.0	2534.0	MC_COMMON_LOGOUT	2159:64	1250	1475.328125	909:2
2160:2	31009.0	-55204.0	1922.0	2681.0	MC_COMMON_NOTI_DD	2160:64	1250	1475.328125	910:2
2162:2	26889.0	-55008.0	1922.0	2510.0	MC_COMMON_MENU	2162:64	1250	1475.328125	815:2
2165:2	20709.0	-54266.0	1922.0	2704.0	MC_NOTI	2165:64	1250	1475.328125	820:2
2164:2	28949.0	-53066.0	1922.0	2339.0	MC_MYINFO_INQUIRY_LIST	2164:64	1250	1475.328125	825:2
2163:2	22769.0	-52602.0	1922.0	2160.0	MC_MYINFO_INQUIRY_NEW_ALT	2163:64	1250	1475.328125	832:2
2166:2	24829.0	-52529.0	1922.0	2160.0	MC_MYINFO_INQUIRY_DT_ALT	2166:64	1250	1475.328125	838:2
2130:2	20709.0	-48529.0	1922.0	2804.0	PH_LO	2130:64	1250	1475.328125	845:2
2133:2	22769.0	-48529.0	1922.0	2233.0	PH_LO_COMPANY	2133:64	1250	1475.328125	851:2
2131:2	24829.0	-48529.0	1922.0	2331.0	PH_LO_EXPIRED	2131:64	1250	1475.328125	856:2
2132:2	26889.0	-48529.0	1922.0	2258.0	PH_LO_LOADING	2132:64	1250	1475.328125	862:2
2134:2	28949.0	-48529.0	1922.0	2811.0	PH_JO_TERMS	2134:64	1250	1475.328125	868:2
2137:2	31009.0	-48529.0	1922.0	2160.0	PH_JO_TERMS_ALL	2137:64	1250	1475.328125	873:2
2136:2	31009.0	-46049.0	1922.0	2339.0	PH_JO_TERMS_MODAL	2136:64	1250	1475.328125	878:2
2135:2	22769.0	-45976.0	1922.0	2632.0	PH_JO_AUTH	2135:64	1250	1475.328125	884:2
2138:2	26889.0	-45951.0	1922.0	2583.0	PH_JO_PW	2138:64	1250	1475.328125	890:2
2141:2	24829.0	-45878.0	1922.0	2160.0	PH_JO_PW_CHECK	2141:64	1250	1475.328125	894:2
2140:2	20709.0	-45405.0	1922.0	2160.0	PH_JO_PW_TIP_CAPS	2140:64	1250	1475.328125	898:2
2139:2	28949.0	-45398.0	1922.0	2258.0	PH_JO_AUTH_EXIST	2139:64	1250	1475.328125	901:2
2142:2	24829.0	-43398.0	1922.0	2412.0	PH_JO_DONE	2142:64	1250	1475.328125	904:2
2145:2	31009.0	-43390.0	1922.0	2854.0	PH_PW_FI	2145:64	1250	1475.328125	907:2
2143:2	26889.0	-43048.0	1922.0	2731.0	PH_PW_RE	2143:64	1250	1475.328125	818:2
2144:2	22769.0	-43024.0	1922.0	2331.0	PH_PW_FI_NONE	2144:64	1250	1475.328125	823:2
2146:2	20709.0	-42925.0	1922.0	2258.0	PH_PW_RE_DONE	2146:64	1250	1475.328125	829:2
2169:2	20709.0	-38477.0	1922.0	2705.0	MC_CONTRACT	2169:64	1250	1475.328125	843:2
2167:2	22769.0	-38477.0	1922.0	2387.0	MC_CONTRACT_EDIT	2167:64	1250	1475.328125	848:2
2168:2	24829.0	-38477.0	1922.0	2460.0	MC_CONTRACT_PENDING	2168:64	1250	1475.328125	854:2
2170:2	26889.0	-38477.0	1922.0	2485.0	MC_CONTRACT_BIZ_UPLOAD	2170:64	1250	1475.328125	859:2
2172:2	28949.0	-38477.0	1922.0	2258.0	MC_CONTRACT_BIZ_UPLOAD_CORP	2172:64	1250	1475.328125	864:2
2171:2	31009.0	-38477.0	1922.0	2755.0	MC_CONTRACT_BIZ_INFO	2171:64	1250	1475.328125	871:2
2173:2	28949.0	-35899.0	1922.0	2510.0	MC_CONTRACT_BIZ_INFO_CORP	2173:64	1250	1475.328125	877:2
2174:2	22769.0	-35770.0	1922.0	2437.0	MC_CONTRACT_ID_UPLOAD	2174:64	1250	1475.328125	882:2
2175:2	24829.0	-35697.0	1922.0	2485.0	MC_CONTRACT_ID_INFO	2175:64	1250	1475.328125	887:2
2176:2	26889.0	-35672.0	1922.0	2208.0	MC_CONTRACT_ID_INFO_DRIVER	2176:64	1250	1475.328125	891:2
2177:2	20709.0	-35452.0	1922.0	2778.0	MC_CONTRACT_LOCK_APPLY	2177:64	1250	1475.328125	895:2
2178:2	31009.0	-35402.0	1922.0	2583.0	MC_CONTRACT_LOCK_UPLOAD	2178:64	1250	1475.328125	899:2
2179:2	26889.0	-33144.0	1922.0	2632.0	MC_CONTRACT_LOCK_INFO	2179:64	1250	1475.328125	903:2
2180:2	28949.0	-33069.0	1922.0	2233.0	MC_CONTRACT_LOCK_FASTGUIDE	2180:64	1250	1475.328125	906:2
2181:2	22769.0	-33013.0	1922.0	2535.0	MC_CONTRACT_LOCK_VERIFY	2181:64	1250	1475.328125	817:2
2182:2	24829.0	-32892.0	1922.0	2535.0	MC_CONTRACT_LOCK_FASTINQ	2182:64	1250	1475.328125	824:2
2184:2	31009.0	-32499.0	1922.0	2654.0	MC_CONTRACT_DEPOSIT_UPLOAD	2184:64	1250	1475.328125	830:2
2183:2	20709.0	-32354.0	1922.0	2656.0	MC_CONTRACT_DEPOSIT_GATE	2183:64	1250	1475.328125	834:2
2185:2	28949.0	-30516.0	1922.0	2679.0	MC_CONTRACT_DEPOSIT_INFO	2185:64	1250	1475.328125	840:2
2186:2	26889.0	-30192.0	1922.0	2760.0	MC_CONTRACT_DEPOSIT_VERIFY	2186:64	1250	1475.328125	844:2
2188:2	22769.0	-30158.0	1922.0	2727.0	MC_CONTRACT_PLATFORM	2188:64	1250	1475.328125	850:2
2187:2	24829.0	-30037.0	1922.0	2712.0	MC_CONTRACT_SIGN	2187:64	1250	1475.328125	855:2
2189:2	31009.0	-29525.0	1922.0	2314.0	MC_CONTRACT_SIGN_ALLAGREE	2189:64	1250	1475.328125	861:2
2190:2	20709.0	-29378.0	1922.0	2314.0	MC_CONTRACT_SIGN_TERMSMODAL	2190:64	1250	1475.328125	866:2
2192:2	28949.0	-27517.0	1922.0	2566.0	MC_CONTRACT_SIGN_PREVIEW	2192:64	1250	1475.328125	870:2
2191:2	26889.0	-27112.0	1922.0	2160.0	MC_CONTRACT_SIGN_PREVIEW_ZOOM	2191:64	1250	1475.328125	876:2
2193:2	22769.0	-27111.0	1922.0	2616.0	MC_CONTRACT_SIGN_INPUT	2193:64	1250	1475.328125	881:2
2194:2	24829.0	-27005.0	1922.0	2493.0	MC_CONTRACT_SIGN_CONFIRM	2194:64	1250	1475.328125	885:2
2195:2	31009.0	-26891.0	1922.0	2339.0	MC_CONTRACT_SIGN_DONE	2195:64	1250	1475.328125	889:2
2116:2	21361.0	-21048.0	1922.0	3326.0	ST_MA	2116:64	1250	1475.328125	863:2
2114:2	23421.0	-21048.0	1922.0	2461.0	ST_MA_TIP_DIFF	2114:64	1250	1475.328125	1066:2
2118:2	25481.0	-21048.0	1922.0	2761.0	ST_MA_CARD	2118:64	1250	1475.328125	874:2
2121:2	27541.0	-21048.0	1922.0	2493.0	ST_MA_CARD_DT	2121:64	1250	1475.328125	879:2
2120:2	29601.0	-21048.0	1922.0	2688.0	ST_MA_DELIV	2120:64	1250	1475.328125	883:2
2119:2	31661.0	-21048.0	1922.0	2339.0	ST_MA_DELIV_TIP	2119:64	1250	1475.328125	1067:2
2123:2	31661.0	-18389.0	1922.0	2688.0	ST_MA_DELIV_DT	2123:64	1250	1475.328125	893:2
2124:2	23421.0	-18267.0	1922.0	3252.0	ST_DIFF	2124:64	1250	1475.328125	896:2
2122:2	27541.0	-18235.0	1922.0	2485.0	ST_DIFF_TIP_NORMAL	2122:64	1250	1475.328125	1068:2
2125:2	29601.0	-18040.0	1922.0	2461.0	ST_DIFF_TIP_MEET_DONE	2125:64	1250	1475.328125	1069:2
2127:2	25481.0	-17967.0	1922.0	2339.0	ST_DIFF_TIP_MEET_PLAN	2127:64	1250	1475.328125	1070:2
2129:2	21361.0	-17402.0	1922.0	2935.0	ST_AC	2129:64	1250	1475.328125	828:2
2126:2	27541.0	-15430.0	1922.0	2885.0	ST_AC_EX	2126:64	1250	1475.328125	835:2
2128:2	31661.0	-15381.0	1922.0	2461.0	ST_AC_EX_TIP	2128:64	1250	1475.328125	1071:2
2107:2	21361.0	-10705.0	1922.0	2559.0	MC_MYINFO	2107:64	1250	1475.328125	812:2
2108:2	23421.0	-10705.0	1922.0	2811.0	MC_MYINFO_CONTRACT	2108:64	1250	1475.328125	816:2
2109:2	25481.0	-10705.0	1922.0	2387.0	MC_MYINFO_CONTRACT_PREVIEW	2109:64	1250	1475.328125	822:2
2106:2	27541.0	-10705.0	1922.0	2412.0	MC_MYINFO_CONTRACT_TERMS	2106:64	1250	1475.328125	826:2
2112:2	29601.0	-10705.0	1922.0	2861.0	MC_MYINFO_ACCOUNTS	2112:64	1250	1475.328125	831:2
2111:2	31661.0	-10705.0	1922.0	2461.0	MC_MYINFO_ACCOUNTS_EDIT	2111:64	1250	1475.328125	836:2
2113:2	25481.0	-7998.0	1922.0	2657.0	MC_MYINFO_INQUIRY	2113:64	1250	1475.328125	842:2
2110:2	27541.0	-7973.0	1922.0	2339.0	MC_MYINFO_INQUIRY_NEW	2110:64	1250	1475.328125	847:2
2115:2	31661.0	-7924.0	1922.0	2412.0	MC_MYINFO_INQUIRY_DT	2115:64	1250	1475.328125	852:2
2117:2	21361.0	-7826.0	1922.0	2510.0	MC_MYINFO_PW	2117:64	1250	1475.328125	858:2